<?xml version="1.0" encoding="UTF-8" standalone="no"?>
<ExtensionManifest ExtensionBundleId="com.mettelNodePanel" ExtensionBundleName="Mettle Node Panel" ExtensionBundleVersion="1.0" Version="4.0">
  <ExtensionList>
    <Extension Id="com.mettelNodePanel" Version="1.0"/>
  </ExtensionList>
  <ExecutionEnvironment>
    <HostList>
      <Host Name="AEFT" Version="[14.0,14.9]"/>
    </HostList>
    <LocaleList>
      <Locale Code="All"/>
    </LocaleList>
    <RequiredRuntimeList>
      <RequiredRuntime Name="CSXS" Version="6.0"/>
    </RequiredRuntimeList>
  </ExecutionEnvironment>
  <DispatchInfoList>
    <Extension Id="com.mettelNodePanel">
      <DispatchInfo>
        <Resources>
          <MainPath>./index.html</MainPath>
          <ScriptPath>./jsx/hostscript.jsx</ScriptPath>
        </Resources>
        <Lifecycle>
          <AutoVisible>true</AutoVisible>
        </Lifecycle>
        <UI>
          <Type>Panel</Type>
          <Menu>Mettel Node Panel</Menu>
          <Geometry>
            <Size>
              <Height>800</Height>
              <Width>800</Width>
            </Size>
          </Geometry>
        </UI>
      </DispatchInfo>
    </Extension>
  </DispatchInfoList>
</ExtensionManifest>
